initial_list_status,purpose,int_rate,installment,annual_inc,dti,verification_status,grade,revol_bal,inq_last_12m,delinq_2yrs,home_ownership,log_inc,verified,grdCtoA,not_paid
w,credit_card,14.08,342.17,60000.0,20.28,Source Verified,C,18518,1,0,RENT,11.002099841204199,1,0,1
w,debt_consolidation,19.03,597.02,86000.0,30.16,Verified,D,40998,9,0,MORTGAGE,11.3621025752356,1,0,0
w,debt_consolidation,23.88,717.46,27000.0,36.67,Source Verified,E,7166,1,0,RENT,10.2035921449865,1,0,1
w,debt_consolidation,7.21,557.52,80000.0,35.63,Not Verified,A,6859,2,0,MORTGAGE,11.289781913656,0,1,0
w,home_improvement,6.72,92.25,70000.0,7.27,Not Verified,A,2424,1,0,MORTGAGE,11.156250521031499,0,1,0
w,debt_consolidation,10.42,858.18,180000.0,5.83,Source Verified,B,9458,6,0,MORTGAGE,12.100712129872301,1,1,0
w,debt_consolidation,19.03,311.49,81400.0,8.06,Source Verified,D,6800,4,0,MORTGAGE,11.3071305519906,1,0,0
w,debt_consolidation,21.45,409.61,80000.0,22.81,Source Verified,D,14103,0,0,MORTGAGE,11.289781913656,1,0,1
w,credit_card,9.44,320.05,74000.0,14.24,Not Verified,B,43231,4,1,MORTGAGE,11.2118203721863,0,1,1
w,home_improvement,11.99,344.72,75000.0,4.53,Verified,B,2124,8,0,MORTGAGE,11.2252433925184,1,1,1
w,credit_card,10.42,350.62,49500.0,19.03,Not Verified,B,12509,2,1,RENT,10.8097279485568,0,1,1
w,home_improvement,7.35,465.57,63000.0,16.86,Not Verified,A,26853,1,0,MORTGAGE,11.0508900053737,0,1,0
f,debt_consolidation,26.3,809.02,34800.0,26.41,Verified,E,4053,3,0,OWN,10.4573726657626,1,0,0
w,debt_consolidation,16.02,351.67,120000.0,30.75,Not Verified,C,11691,11,1,MORTGAGE,11.6952470217642,0,0,1
w,debt_consolidation,16.02,351.67,50000.0,13.87,Verified,C,0,1,0,MORTGAGE,10.819778284410301,1,0,1
w,credit_card,13.59,461.13,98000.0,14.44,Verified,C,25100,3,0,MORTGAGE,11.4927227576527,1,0,1
f,major_purchase,9.44,64.01,68000.0,17.49,Not Verified,B,14579,1,0,OWN,11.127262984158198,0,1,1
w,home_improvement,7.35,465.57,47000.0,21.91,Not Verified,A,5053,0,0,MORTGAGE,10.757902880692198,0,1,1
w,credit_card,12.62,117.29,42350.0,22.52,Not Verified,C,22418,4,0,OWN,10.6537237000802,0,0,1
w,debt_consolidation,6.08,304.59,40000.0,7.05,Not Verified,A,12114,0,0,MORTGAGE,10.5966347330961,0,1,1
f,debt_consolidation,17.09,178.49,48500.0,24.57,Source Verified,D,12876,2,1,RENT,10.789319076925599,1,0,0
f,credit_card,7.21,322.13,26000.0,10.91,Verified,A,8486,0,0,OWN,10.165851817003599,1,1,1
f,debt_consolidation,19.03,110.02,35000.0,24.74,Verified,D,3710,2,0,RENT,10.4631033404715,1,0,0
f,credit_card,7.21,464.6,80000.0,30.68,Not Verified,A,17613,3,0,OWN,11.289781913656,0,1,0
w,credit_card,6.72,107.63,57000.0,24.74,Not Verified,A,14125,3,0,RENT,10.950806546816699,0,1,0
f,credit_card,19.03,88.02,38000.0,31.93,Not Verified,D,1844,4,0,RENT,10.5453414387085,0,0,0
f,debt_consolidation,22.91,1353.2,127000.0,19.47,Verified,E,18124,5,2,MORTGAGE,11.7519423654407,1,0,1
w,debt_consolidation,21.45,955.75,60000.0,21.46,Verified,D,6983,2,0,RENT,11.002099841204199,1,0,1
w,home_improvement,10.42,162.33,25000.0,44.07,Verified,B,19898,0,0,OWN,10.1266311038503,1,1,0
w,debt_consolidation,24.85,643.8,60000.0,38.16,Source Verified,E,18341,8,0,MORTGAGE,11.002099841204199,1,0,1
f,debt_consolidation,23.88,317.28,51000.0,24.71,Not Verified,E,4742,4,0,RENT,10.8395809117065,0,0,1
w,debt_consolidation,11.99,322.48,102000.0,22.4,Not Verified,B,0,4,0,MORTGAGE,11.5327280922664,0,1,0
w,debt_consolidation,7.21,278.76,50000.0,11.0,Not Verified,A,7801,3,0,RENT,10.819778284410301,0,1,0
f,debt_consolidation,15.05,145.7,125000.0,13.86,Not Verified,C,8660,9,0,MORTGAGE,11.736069016284402,0,0,0
w,home_improvement,15.05,400.12,250000.0,10.42,Source Verified,C,9302,4,1,OWN,12.4292161968444,1,0,1
w,debt_consolidation,13.59,508.4,66000.0,27.75,Verified,C,10949,0,0,MORTGAGE,11.0974100210086,1,0,0
w,debt_consolidation,23.88,195.85,53000.0,33.49,Not Verified,E,3212,0,0,RENT,10.878047192534302,0,0,1
w,debt_consolidation,9.93,483.52,88500.0,35.06,Source Verified,B,25599,1,0,MORTGAGE,11.390757830996002,1,1,1
w,debt_consolidation,9.44,251.68,68000.0,12.28,Source Verified,B,21180,0,0,RENT,11.127262984158198,1,1,0
w,debt_consolidation,18.06,408.73,85000.0,17.66,Verified,D,11719,1,0,RENT,11.3504065354725,1,0,0
f,home_improvement,15.05,346.9,50000.0,28.16,Not Verified,C,12959,1,0,MORTGAGE,10.819778284410301,0,0,1
f,debt_consolidation,10.42,486.98,68000.0,21.73,Not Verified,B,6096,1,0,RENT,11.127262984158198,0,1,0
w,debt_consolidation,18.06,1266.39,75000.0,25.66,Verified,D,10466,6,0,MORTGAGE,11.2252433925184,1,0,0
w,debt_consolidation,7.97,313.23,25000.0,85.93,Verified,A,12520,6,0,MORTGAGE,10.1266311038503,1,1,1
w,debt_consolidation,26.3,599.36,123000.0,20.38,Verified,E,51164,3,0,MORTGAGE,11.7199396343546,1,0,1
w,debt_consolidation,10.42,472.0,82000.0,22.22,Verified,B,6602,1,0,RENT,11.3144745262464,1,1,0
f,home_improvement,9.44,672.11,65000.0,7.55,Source Verified,B,1329,3,2,MORTGAGE,11.082142548877801,1,1,0
w,home_improvement,19.03,183.36,82000.0,32.04,Source Verified,D,25271,2,2,MORTGAGE,11.3144745262464,1,0,1
w,debt_consolidation,9.44,672.11,65000.0,22.3,Not Verified,B,25183,1,2,MORTGAGE,11.082142548877801,0,1,1
w,debt_consolidation,25.82,775.69,90000.0,22.92,Verified,E,23385,3,2,MORTGAGE,11.4075649493124,1,0,1
w,debt_consolidation,15.05,97.14,15000.0,8.8,Source Verified,C,2337,1,2,RENT,9.61580548008435,1,0,0
w,debt_consolidation,13.59,924.23,64000.0,18.64,Source Verified,C,6660,2,0,RENT,11.0666383623418,1,0,1
w,credit_card,12.62,201.07,15000.0,26.96,Not Verified,C,8268,0,0,RENT,9.61580548008435,0,0,1
f,debt_consolidation,29.69,914.25,120000.0,10.14,Verified,F,11689,7,0,RENT,11.6952470217642,1,0,1
f,home_improvement,12.62,180.97,82000.0,12.79,Source Verified,C,8726,7,0,MORTGAGE,11.3144745262464,1,0,1
w,debt_consolidation,9.93,128.94,42000.0,1.03,Not Verified,B,1752,2,1,RENT,10.6454248972655,0,1,1
w,debt_consolidation,18.06,1157.85,198000.0,2.29,Verified,D,20647,3,0,RENT,12.1960223096767,1,0,1
w,credit_card,7.35,155.19,56000.0,4.41,Not Verified,A,2734,1,0,MORTGAGE,10.9331069697173,0,1,0
f,debt_consolidation,18.06,542.74,75000.0,8.64,Source Verified,D,42,6,2,OWN,11.2252433925184,1,0,1
f,debt_consolidation,12.62,46.92,31665.71,0.45,Verified,C,12,8,0,RENT,10.362989670931901,1,0,0
w,debt_consolidation,13.59,806.97,45000.0,22.13,Source Verified,C,7288,1,1,MORTGAGE,10.714417768752499,1,0,1
f,debt_consolidation,10.91,199.45,18000.0,12.51,Source Verified,B,5883,1,0,RENT,9.7981270368783,1,1,0
w,home_improvement,28.72,315.72,43350.0,25.89,Verified,F,3002,4,0,MORTGAGE,10.677061982208699,1,0,1
w,debt_consolidation,14.08,684.33,100000.0,18.58,Source Verified,C,25669,0,1,MORTGAGE,11.5129254649702,1,0,1
w,credit_card,7.97,469.84,60000.0,19.2,Not Verified,A,25011,2,0,MORTGAGE,11.002099841204199,0,1,0
w,debt_consolidation,15.05,346.9,95000.0,13.68,Verified,C,12568,6,0,OWN,11.4616321705827,1,0,0
f,debt_consolidation,17.09,160.64,60000.0,10.26,Source Verified,D,16483,0,0,RENT,11.002099841204199,1,0,1
w,debt_consolidation,11.99,498.15,52000.0,17.1,Not Verified,B,7605,8,0,MORTGAGE,10.858998997563601,0,1,0
w,debt_consolidation,15.05,476.33,48000.0,38.4,Not Verified,C,8101,0,0,MORTGAGE,10.778956289889999,0,0,1
w,credit_card,19.03,73.35,30000.0,23.48,Source Verified,D,2106,2,0,RENT,10.308952660644302,1,0,0
w,credit_card,13.59,203.88,60000.0,24.36,Verified,C,7597,5,0,RENT,11.002099841204199,1,0,1
f,debt_consolidation,10.91,326.97,36000.0,18.8,Source Verified,B,3080,0,1,RENT,10.4912742174382,1,1,1
w,debt_consolidation,16.02,486.58,55000.0,7.53,Verified,C,2680,2,0,MORTGAGE,10.9150884642146,1,0,1
w,credit_card,10.42,155.84,48000.0,16.6,Not Verified,B,35682,0,0,MORTGAGE,10.778956289889999,0,1,1
w,debt_consolidation,6.08,1218.33,105000.0,1.9,Not Verified,A,7025,2,0,MORTGAGE,11.5617156291397,0,1,1
w,debt_consolidation,9.93,464.18,75000.0,14.8,Source Verified,B,25068,0,1,OWN,11.2252433925184,1,1,1
w,home_improvement,11.99,149.45,88282.0,8.37,Source Verified,B,5604,4,0,MORTGAGE,11.3882915153021,1,1,0
f,debt_consolidation,12.62,804.27,95000.0,24.82,Not Verified,C,2477,6,0,RENT,11.4616321705827,0,0,0
w,home_improvement,6.08,304.59,42000.0,30.84,Source Verified,A,9448,0,0,MORTGAGE,10.6454248972655,1,1,0
w,debt_consolidation,9.93,354.58,75000.0,1.52,Verified,B,2903,0,4,MORTGAGE,11.2252433925184,1,1,1
w,debt_consolidation,16.02,218.92,39580.0,37.86,Verified,C,3374,4,0,MORTGAGE,10.586079219156598,1,0,0
w,debt_consolidation,22.91,38.67,55000.0,35.71,Source Verified,E,11673,2,3,OWN,10.9150884642146,1,0,0
w,debt_consolidation,18.06,330.54,98000.0,7.07,Source Verified,D,2802,0,0,RENT,11.4927227576527,1,0,1
w,debt_consolidation,10.91,326.97,50000.0,18.72,Not Verified,B,6511,3,0,RENT,10.819778284410301,0,1,0
w,debt_consolidation,11.99,996.29,146000.0,4.35,Not Verified,B,9340,2,0,RENT,11.891361900690502,0,1,0
f,credit_card,9.44,320.05,85000.0,22.15,Not Verified,B,10413,3,0,RENT,11.3504065354725,0,1,0
w,major_purchase,19.03,363.4,50000.0,33.03,Not Verified,D,2075,1,0,RENT,10.819778284410301,0,0,1
w,debt_consolidation,16.02,351.67,95000.0,31.91,Not Verified,C,18258,0,0,MORTGAGE,11.4616321705827,0,0,0
f,debt_consolidation,9.93,154.73,70000.0,21.43,Verified,B,225,0,0,RENT,11.156250521031499,1,1,0
w,credit_card,14.08,839.16,150000.0,27.03,Verified,C,35581,0,0,MORTGAGE,11.918390573078401,1,0,1
w,credit_card,11.99,332.1,104000.0,15.01,Source Verified,B,13034,3,0,MORTGAGE,11.5521461781235,1,1,1
w,credit_card,11.99,166.05,27000.0,37.42,Not Verified,B,11290,1,0,OWN,10.2035921449865,0,1,1
w,debt_consolidation,15.05,520.35,65000.0,11.91,Not Verified,C,14102,0,1,RENT,11.082142548877801,0,0,0
f,debt_consolidation,11.99,166.05,31020.0,20.7,Verified,B,7230,0,0,RENT,10.342387436730501,1,1,0
w,credit_card,13.59,254.85,40000.0,25.8,Verified,C,13300,1,0,MORTGAGE,10.5966347330961,1,0,0
w,credit_card,11.99,830.24,190000.0,14.06,Not Verified,B,43830,1,0,OWN,12.154779351142599,0,1,1
w,credit_card,11.99,249.09,99000.0,26.68,Source Verified,B,15471,1,0,MORTGAGE,11.502875129116699,1,1,0
w,home_improvement,14.08,205.3,180000.0,17.1,Source Verified,C,85294,2,0,MORTGAGE,12.100712129872301,1,0,0
w,debt_consolidation,7.97,313.23,75000.0,7.74,Not Verified,A,12649,1,2,MORTGAGE,11.2252433925184,0,1,0
w,debt_consolidation,25.82,761.52,70891.0,25.34,Source Verified,E,11340,5,0,MORTGAGE,11.168898765111498,1,0,1
w,credit_card,10.42,162.33,68500.0,12.58,Not Verified,B,6066,2,3,RENT,11.1345890242503,0,1,0
w,credit_card,10.91,457.75,65000.0,14.99,Source Verified,B,11011,0,0,RENT,11.082142548877801,1,1,1
f,credit_card,20.0,178.39,38000.0,13.74,Not Verified,D,2603,8,0,RENT,10.5453414387085,0,0,0
w,debt_consolidation,21.45,546.15,62000.0,33.47,Not Verified,D,38746,0,0,RENT,11.0348896640272,0,0,1
w,debt_consolidation,20.0,264.94,31729.0,15.47,Source Verified,D,4221,1,0,OWN,10.3649863681651,1,0,1
w,credit_card,14.08,188.2,41919.0,48.91,Verified,C,3910,3,0,RENT,10.643494463748599,1,0,0
w,debt_consolidation,24.85,877.91,30000.0,37.52,Source Verified,E,13242,2,0,RENT,10.308952660644302,1,0,0
w,home_improvement,14.08,559.44,36000.0,8.8,Source Verified,C,25,0,0,RENT,10.4912742174382,1,0,1
w,debt_consolidation,14.08,261.07,57000.0,26.32,Not Verified,C,11152,2,0,MORTGAGE,10.950806546816699,0,0,0
w,debt_consolidation,6.08,365.5,95000.0,30.04,Not Verified,A,13562,2,0,MORTGAGE,11.4616321705827,0,1,0
w,credit_card,10.42,162.33,66000.0,21.4,Not Verified,B,3376,0,0,RENT,11.0974100210086,0,1,0
w,home_improvement,11.99,1328.39,188000.0,7.83,Source Verified,B,2102,6,0,MORTGAGE,12.144197241812101,1,1,0
f,credit_card,13.59,489.3,40000.0,27.42,Not Verified,C,13251,3,0,RENT,10.5966347330961,0,0,1
w,debt_consolidation,7.97,1096.29,135000.0,3.92,Source Verified,A,8159,2,0,RENT,11.8130300574206,1,1,0
f,debt_consolidation,21.45,382.3,70000.0,10.94,Not Verified,D,13348,0,0,RENT,11.156250521031499,0,0,0
w,home_improvement,10.42,321.82,49800.0,2.46,Source Verified,B,7316,2,0,MORTGAGE,10.8157702630127,1,1,0
w,debt_consolidation,13.59,217.47,37000.0,15.08,Not Verified,C,3338,3,0,RENT,10.518673191626402,0,0,0
f,debt_consolidation,13.59,407.75,59075.0,11.31,Not Verified,C,4549,11,2,RENT,10.986563102055099,0,0,0
w,credit_card,9.44,307.25,45000.0,19.24,Source Verified,B,10122,0,0,RENT,10.714417768752499,1,1,1
f,debt_consolidation,19.03,660.09,50000.0,11.45,Verified,D,4317,0,0,RENT,10.819778284410301,1,0,1
w,credit_card,10.42,311.67,26000.0,32.66,Verified,B,7723,2,0,RENT,10.165851817003599,1,1,0
w,debt_consolidation,17.09,448.22,90000.0,17.09,Source Verified,D,12781,1,0,RENT,11.4075649493124,1,0,1
w,debt_consolidation,14.08,492.72,73000.0,16.54,Source Verified,C,9139,2,0,RENT,11.198214720130501,1,0,1
f,credit_card,26.3,302.37,22000.0,8.4,Verified,E,4190,1,0,OWN,9.99879773234045,1,0,0
w,debt_consolidation,10.91,719.32,145000.0,15.96,Not Verified,B,42784,0,0,RENT,11.8844890214027,0,1,1
w,debt_consolidation,13.59,101.94,44000.0,12.6,Not Verified,C,8869,1,0,RENT,10.6919449129004,0,0,0
w,home_improvement,28.72,659.85,55000.0,5.13,Verified,F,7335,4,0,RENT,10.9150884642146,1,0,1
w,credit_card,6.72,147.6,140000.0,3.0,Not Verified,A,2887,0,0,RENT,11.849397701591402,0,1,0
f,debt_consolidation,9.44,1280.2,104000.0,0.61,Not Verified,B,183,0,0,RENT,11.5521461781235,0,1,0
w,debt_consolidation,25.82,895.02,150000.0,8.7,Source Verified,E,25556,0,0,RENT,11.918390573078401,1,0,0
f,credit_card,9.44,384.06,60000.0,21.14,Source Verified,B,11851,1,0,RENT,11.002099841204199,1,1,1
w,debt_consolidation,10.42,486.98,70000.0,15.49,Verified,B,11713,2,0,MORTGAGE,11.156250521031499,1,1,1
w,small_business,20.0,111.5,30000.0,7.96,Verified,D,6922,0,0,RENT,10.308952660644302,1,0,1
f,debt_consolidation,14.08,325.06,75000.0,28.54,Not Verified,C,7529,6,0,RENT,11.2252433925184,0,0,0
f,debt_consolidation,11.99,830.24,35000.0,17.94,Not Verified,B,21042,1,0,RENT,10.4631033404715,0,1,0
w,debt_consolidation,7.97,626.46,47000.0,9.01,Verified,A,1278,0,0,OWN,10.757902880692198,1,1,1
f,major_purchase,16.02,175.84,138000.0,2.16,Source Verified,C,10,3,0,RENT,11.835008964139302,1,0,1
w,debt_consolidation,23.88,803.56,70200.0,25.49,Not Verified,E,7836,8,0,RENT,11.159103590013899,0,0,1
w,debt_consolidation,25.82,298.34,65000.0,26.45,Source Verified,E,2993,3,0,MORTGAGE,11.082142548877801,1,0,0
w,home_improvement,7.35,183.9,63400.0,1.04,Not Verified,A,1824,0,0,MORTGAGE,11.0572191404253,0,1,0
w,home_improvement,12.62,225.6,40000.0,17.16,Not Verified,C,2682,1,0,MORTGAGE,10.5966347330961,0,0,1
w,debt_consolidation,9.44,335.57,58000.0,10.51,Verified,B,1145,3,0,MORTGAGE,10.9681982895286,1,1,1
w,debt_consolidation,20.0,927.29,95000.0,16.42,Not Verified,D,15719,1,0,MORTGAGE,11.4616321705827,0,0,0
f,debt_consolidation,9.44,320.05,17976.0,7.81,Not Verified,B,1438,1,1,OWN,9.79679281386517,0,1,1
f,debt_consolidation,16.02,147.71,22000.0,15.38,Verified,C,256,2,0,MORTGAGE,9.99879773234045,1,0,0
f,debt_consolidation,9.93,1289.38,126000.0,18.33,Source Verified,B,53195,1,0,RENT,11.7440371859336,1,1,0
f,debt_consolidation,30.79,525.45,17004.0,24.91,Verified,G,14672,1,2,MORTGAGE,9.74120388947868,1,0,0
w,debt_consolidation,21.45,955.75,80000.0,16.2,Source Verified,D,31315,1,0,RENT,11.289781913656,1,0,0
w,debt_consolidation,7.21,216.82,130000.0,5.46,Not Verified,A,15181,2,1,OWN,11.775289729437699,0,1,0
w,major_purchase,11.99,418.45,30000.0,4.28,Verified,B,3506,0,0,MORTGAGE,10.308952660644302,1,1,1
w,debt_consolidation,21.45,303.26,48000.0,20.6,Source Verified,D,4633,2,1,RENT,10.778956289889999,1,0,1
f,credit_card,16.02,486.58,85000.0,10.56,Not Verified,C,20873,0,0,MORTGAGE,11.3504065354725,0,0,1
w,debt_consolidation,21.45,327.69,50000.0,17.47,Not Verified,D,4350,1,0,RENT,10.819778284410301,0,0,0
f,debt_consolidation,14.08,273.74,48300.0,18.42,Not Verified,C,13995,2,0,RENT,10.785186839640698,0,0,0
w,debt_consolidation,25.82,358.01,38400.0,22.41,Source Verified,E,1974,2,0,RENT,10.555812738575801,1,0,1
w,credit_card,9.93,128.94,80000.0,5.74,Not Verified,B,2897,7,2,MORTGAGE,11.289781913656,0,1,0
f,debt_consolidation,18.06,217.1,35064.0,17.76,Not Verified,D,6255,1,0,MORTGAGE,10.4649302420986,0,0,1
w,debt_consolidation,7.97,87.71,93000.0,18.79,Not Verified,A,669,8,0,MORTGAGE,11.4403547721354,0,1,0
w,home_improvement,15.05,520.35,55000.0,4.3,Verified,C,3071,3,0,OWN,10.9150884642146,1,0,1
f,credit_card,9.44,640.1,82000.0,13.07,Source Verified,B,22580,0,0,RENT,11.3144745262464,1,1,0
w,debt_consolidation,17.09,498.02,65000.0,14.29,Verified,D,9399,4,1,RENT,11.082142548877801,1,0,0
w,debt_consolidation,14.08,290.85,55000.0,21.78,Verified,C,10938,5,0,RENT,10.9150884642146,1,0,0
w,home_improvement,9.44,838.91,97400.0,12.64,Source Verified,B,2372,1,0,MORTGAGE,11.486581489630598,1,1,1
w,debt_consolidation,15.05,428.7,85000.0,18.35,Verified,C,13054,2,0,MORTGAGE,11.3504065354725,1,0,0
w,debt_consolidation,16.02,496.31,62000.0,23.21,Not Verified,C,6009,4,0,OWN,11.0348896640272,0,0,0
w,home_improvement,14.08,855.42,74000.0,26.18,Verified,C,5501,16,0,MORTGAGE,11.2118203721863,1,0,1
w,debt_consolidation,14.08,171.09,54000.0,22.2,Verified,C,18036,1,0,OWN,10.8967393255464,1,0,1
w,debt_consolidation,9.93,45.13,20000.0,2.88,Source Verified,B,2398,0,0,RENT,9.90348755253613,1,1,0
w,debt_consolidation,19.03,539.26,56500.0,18.61,Not Verified,D,22745,0,0,MORTGAGE,10.9419959171345,0,0,0
w,credit_card,9.44,460.88,19000.0,0.0,Verified,B,0,0,0,OWN,9.852194258148579,1,1,0
w,credit_card,10.42,211.03,52000.0,5.96,Source Verified,B,5927,1,0,RENT,10.858998997563601,1,1,1
w,debt_consolidation,9.44,957.75,210000.0,28.37,Verified,B,28026,3,0,MORTGAGE,12.254862809699599,1,1,0
f,credit_card,11.99,179.34,115000.0,13.76,Source Verified,B,3539,8,1,MORTGAGE,11.6526874073454,1,1,0
w,credit_card,19.03,674.89,80000.0,15.18,Source Verified,D,2382,2,0,RENT,11.289781913656,1,0,1
w,debt_consolidation,7.97,250.59,60000.0,36.52,Source Verified,A,10322,4,0,MORTGAGE,11.002099841204199,1,1,1
w,debt_consolidation,12.62,541.42,58000.0,9.27,Source Verified,C,3,0,0,RENT,10.9681982895286,1,0,1
f,debt_consolidation,15.05,867.25,98000.0,15.75,Not Verified,C,20463,3,0,MORTGAGE,11.4927227576527,0,0,0
f,debt_consolidation,20.0,185.82,41600.0,26.51,Source Verified,D,14386,1,0,MORTGAGE,10.6358554462494,1,0,1
w,credit_card,16.02,973.15,85000.0,10.81,Verified,C,32918,2,0,MORTGAGE,11.3504065354725,1,0,0
w,credit_card,7.97,150.35,31500.0,6.11,Not Verified,A,6563,1,0,RENT,10.3577428248137,0,1,0
w,debt_consolidation,15.05,346.9,32000.0,25.81,Not Verified,C,8476,0,0,MORTGAGE,10.3734911817819,0,0,1
f,debt_consolidation,9.93,161.18,70000.0,14.56,Not Verified,B,21658,3,0,RENT,11.156250521031499,0,1,0
w,credit_card,9.93,161.18,146707.0,6.9,Source Verified,B,923,5,0,MORTGAGE,11.8961926794208,1,1,0
w,debt_consolidation,15.05,832.56,95000.0,6.8,Source Verified,C,18699,0,1,MORTGAGE,11.4616321705827,1,0,0
w,credit_card,9.44,240.04,44000.0,17.54,Not Verified,B,4235,1,0,MORTGAGE,10.6919449129004,0,1,0
f,credit_card,12.62,1005.34,85000.0,12.77,Source Verified,C,36942,2,0,MORTGAGE,11.3504065354725,1,0,0
w,home_improvement,13.59,332.01,300000.0,13.25,Source Verified,C,19491,7,0,MORTGAGE,12.6115377536383,1,0,0
w,major_purchase,15.05,476.33,109992.0,10.0,Not Verified,C,2284,3,0,MORTGAGE,11.608162914857099,0,0,0
w,debt_consolidation,20.0,445.97,38000.0,10.93,Source Verified,D,13400,2,0,RENT,10.5453414387085,1,0,0
w,debt_consolidation,10.42,259.72,40000.0,24.51,Source Verified,B,4620,0,0,MORTGAGE,10.5966347330961,1,1,1
w,debt_consolidation,7.35,682.83,76000.0,23.69,Verified,A,44655,1,0,MORTGAGE,11.238488619268502,1,1,1
w,debt_consolidation,9.93,644.69,73000.0,20.91,Source Verified,B,20170,0,0,RENT,11.198214720130501,1,1,0
f,credit_card,9.44,320.05,132000.0,8.61,Not Verified,B,10366,2,0,RENT,11.7905572015685,0,1,1
w,debt_consolidation,20.0,423.91,50000.0,18.29,Verified,D,13434,12,0,MORTGAGE,10.819778284410301,1,0,1
w,debt_consolidation,23.88,636.39,65000.0,32.92,Not Verified,E,12043,6,0,MORTGAGE,11.082142548877801,0,0,0
w,debt_consolidation,7.35,93.12,69800.0,16.9,Not Verified,A,3913,2,0,RENT,11.153389288750502,0,1,0
w,debt_consolidation,7.97,375.88,600000.0,8.72,Verified,A,228292,4,1,MORTGAGE,13.304684934198301,1,1,0
w,credit_card,6.72,461.24,65000.0,17.89,Not Verified,A,12534,1,0,MORTGAGE,11.082142548877801,0,1,0
w,credit_card,5.32,1084.14,750000.0,6.06,Verified,A,10084,14,0,MORTGAGE,13.527828485512499,1,1,0
w,debt_consolidation,10.91,326.97,48000.0,12.05,Not Verified,B,4244,1,0,MORTGAGE,10.778956289889999,0,1,1
w,debt_consolidation,15.05,693.8,85000.0,13.3,Verified,C,5462,3,0,MORTGAGE,11.3504065354725,1,0,1
w,debt_consolidation,15.05,357.25,41000.0,40.07,Not Verified,C,8590,4,1,OWN,10.6213273456864,0,0,0
w,debt_consolidation,16.02,105.51,53000.0,28.22,Verified,C,8478,3,0,RENT,10.878047192534302,1,0,1
w,credit_card,12.62,541.42,90000.0,10.67,Not Verified,C,21203,1,0,MORTGAGE,11.4075649493124,0,0,1
w,debt_consolidation,16.02,364.94,69000.0,34.42,Not Verified,C,16467,1,0,MORTGAGE,11.1418617835794,0,0,0
w,credit_card,11.99,222.4,54000.0,3.98,Source Verified,B,7895,2,1,MORTGAGE,10.8967393255464,1,1,0
w,debt_consolidation,17.09,662.19,42200.0,12.63,Verified,D,6682,1,0,MORTGAGE,10.6501755000241,1,0,0
w,debt_consolidation,12.62,73.73,18000.0,21.53,Verified,C,6766,2,0,RENT,9.7981270368783,1,0,1
w,credit_card,9.44,960.15,180000.0,33.1,Source Verified,B,11216,2,0,MORTGAGE,12.100712129872301,1,1,1
w,debt_consolidation,10.91,261.57,75000.0,25.02,Not Verified,B,6808,3,0,RENT,11.2252433925184,0,1,0
w,debt_consolidation,7.97,494.12,52000.0,38.59,Source Verified,A,7640,0,0,RENT,10.858998997563601,1,1,1
w,debt_consolidation,11.99,531.36,190000.0,11.1,Source Verified,B,22606,1,7,MORTGAGE,12.154779351142599,1,1,1
f,credit_card,26.3,111.24,30000.0,36.52,Verified,E,19869,1,0,OWN,10.308952660644302,1,0,1
w,debt_consolidation,5.32,752.87,118000.0,17.52,Source Verified,A,10044,0,0,MORTGAGE,11.6784399034478,1,1,0
f,credit_card,14.08,342.17,43000.0,12.57,Source Verified,C,10771,0,0,RENT,10.668955394675699,1,0,0
w,credit_card,7.97,469.84,65000.0,10.76,Source Verified,A,12054,2,0,MORTGAGE,11.082142548877801,1,1,0
f,debt_consolidation,17.09,178.49,43000.0,11.08,Not Verified,D,6094,0,0,MORTGAGE,10.668955394675699,0,0,0
w,debt_consolidation,16.02,527.51,39000.0,33.29,Verified,C,16427,2,0,RENT,10.5713169251118,1,0,0
w,debt_consolidation,24.85,386.28,114000.0,18.6,Source Verified,E,55881,2,0,MORTGAGE,11.6439537273766,1,0,0
w,credit_card,19.03,293.37,66000.0,15.82,Source Verified,D,31377,0,1,RENT,11.0974100210086,1,0,1
w,debt_consolidation,10.91,343.31,100000.0,9.02,Not Verified,B,19569,0,0,RENT,11.5129254649702,0,1,0
w,debt_consolidation,13.59,339.79,95000.0,10.46,Not Verified,C,5940,0,3,RENT,11.4616321705827,0,0,1
w,debt_consolidation,7.21,154.87,69600.0,8.29,Not Verified,A,4495,5,0,MORTGAGE,11.150519846322501,0,1,0
f,debt_consolidation,14.08,342.17,40000.0,10.92,Source Verified,C,4541,1,0,MORTGAGE,10.5966347330961,1,0,1
w,debt_consolidation,15.05,777.06,130000.0,29.65,Verified,C,30210,10,0,MORTGAGE,11.775289729437699,1,0,0
f,debt_consolidation,10.91,1307.85,87000.0,12.26,Not Verified,B,45079,2,1,OWN,11.3736633976367,0,1,0
w,debt_consolidation,25.82,835.36,57000.0,22.06,Verified,E,3263,1,0,RENT,10.950806546816699,1,0,0
w,debt_consolidation,18.06,635.66,79000.0,33.16,Not Verified,D,22290,0,0,RENT,11.277203131449198,0,0,0
w,debt_consolidation,11.99,99.63,18000.0,17.0,Source Verified,B,5473,1,0,MORTGAGE,9.7981270368783,1,1,0
f,credit_card,23.88,861.74,53320.0,12.99,Verified,E,4563,6,0,RENT,10.8840667742926,1,0,1
w,debt_consolidation,14.08,109.5,42500.0,19.12,Verified,C,16916,0,0,MORTGAGE,10.657259354912501,1,0,0
w,credit_card,14.08,372.96,45000.0,34.01,Not Verified,C,13807,4,0,MORTGAGE,10.714417768752499,0,0,0
w,debt_consolidation,20.0,503.39,45000.0,27.36,Verified,D,12392,1,0,RENT,10.714417768752499,1,0,0
w,debt_consolidation,17.09,1070.93,35000.0,0.0,Verified,D,0,3,0,RENT,10.4631033404715,1,0,1
w,debt_consolidation,25.82,895.02,160000.0,18.51,Verified,E,53496,5,0,MORTGAGE,11.982929094216,1,0,0
w,debt_consolidation,10.91,130.79,49000.0,5.12,Not Verified,B,2016,5,0,MORTGAGE,10.799575577092801,0,1,1
f,home_improvement,10.42,389.58,98000.0,7.38,Not Verified,B,11021,6,2,MORTGAGE,11.4927227576527,0,1,1
w,debt_consolidation,20.0,529.88,71000.0,26.4,Verified,D,32168,2,0,MORTGAGE,11.1704351560235,1,0,1
w,credit_card,9.93,530.32,23500.0,0.0,Verified,B,0,0,0,MORTGAGE,10.0647557001323,1,1,0
f,debt_consolidation,7.35,295.64,53000.0,19.88,Not Verified,A,21341,1,0,MORTGAGE,10.878047192534302,0,1,0
w,debt_consolidation,19.03,249.37,42000.0,13.71,Not Verified,D,670,5,0,RENT,10.6454248972655,0,0,1
w,debt_consolidation,20.0,222.99,120000.0,4.74,Not Verified,D,7130,0,0,OWN,11.6952470217642,0,0,0
w,home_improvement,17.09,853.18,64800.0,37.56,Not Verified,D,211088,2,0,MORTGAGE,11.0790608823404,0,0,1
f,debt_consolidation,10.42,571.38,186000.0,9.54,Not Verified,B,3647,3,2,MORTGAGE,12.133501952695301,0,1,1
w,home_improvement,11.99,182.66,56000.0,22.27,Verified,B,9475,0,0,MORTGAGE,10.9331069697173,1,1,1
w,credit_card,6.08,304.59,50000.0,20.02,Source Verified,A,4512,1,0,MORTGAGE,10.819778284410301,1,1,0
w,debt_consolidation,17.09,214.19,36000.0,8.43,Not Verified,D,6203,4,0,OWN,10.4912742174382,0,0,0
w,debt_consolidation,13.59,806.97,115000.0,11.77,Source Verified,C,3959,3,0,RENT,11.6526874073454,1,0,0
w,credit_card,12.62,201.07,22000.0,23.79,Not Verified,C,10291,3,0,MORTGAGE,9.99879773234045,0,0,1
f,debt_consolidation,9.44,224.04,40000.0,6.0,Source Verified,B,5714,4,0,MORTGAGE,10.5966347330961,1,1,0
w,credit_card,21.45,327.69,85000.0,3.77,Not Verified,D,8540,1,0,RENT,11.3504065354725,0,0,0
f,major_purchase,19.03,440.06,125582.0,12.3,Verified,D,8328,8,0,RENT,11.7407142106442,1,0,1
w,credit_card,16.02,510.91,70000.0,23.8,Source Verified,C,30629,2,0,RENT,11.156250521031499,1,0,0
w,credit_card,17.09,285.59,27000.0,17.07,Source Verified,D,10411,4,0,MORTGAGE,10.2035921449865,1,0,0
w,debt_consolidation,18.06,635.66,28000.0,6.99,Source Verified,D,3320,4,1,MORTGAGE,10.239959789157302,1,0,1
f,debt_consolidation,13.59,1019.37,69200.0,13.37,Source Verified,C,21107,5,0,MORTGAGE,11.144756141605802,1,0,1
w,home_improvement,9.44,734.04,176000.0,1.56,Not Verified,B,6788,2,0,MORTGAGE,12.0782392740203,0,1,0
w,credit_card,11.99,332.1,50000.0,12.48,Source Verified,B,5950,0,0,MORTGAGE,10.819778284410301,1,1,1
w,credit_card,7.97,626.46,145000.0,13.47,Source Verified,A,11401,2,0,RENT,11.8844890214027,1,1,0
w,debt_consolidation,20.0,148.66,68000.0,25.38,Not Verified,D,20711,4,0,MORTGAGE,11.127262984158198,0,0,1
w,debt_consolidation,16.02,330.88,65000.0,21.68,Source Verified,C,14078,9,0,RENT,11.082142548877801,1,0,0
w,credit_card,11.99,289.12,110000.0,5.24,Not Verified,B,7021,3,1,MORTGAGE,11.608235644774599,0,1,0
w,debt_consolidation,15.05,238.17,100000.0,5.04,Source Verified,C,2934,0,1,MORTGAGE,11.5129254649702,1,0,0
w,credit_card,13.59,368.9,45000.0,22.56,Source Verified,C,11046,0,0,MORTGAGE,10.714417768752499,1,0,0
w,debt_consolidation,22.91,678.85,120000.0,13.45,Verified,E,6887,3,0,OWN,11.6952470217642,1,0,0
w,debt_consolidation,18.06,347.36,48000.0,36.81,Verified,D,5212,6,0,OWN,10.778956289889999,1,0,1
w,debt_consolidation,30.84,1150.5,280000.0,11.63,Verified,G,95357,3,0,RENT,12.5425448821514,1,0,1
f,debt_consolidation,13.59,271.84,65000.0,5.61,Not Verified,C,10987,1,0,RENT,11.082142548877801,0,0,0
w,home_improvement,22.91,579.95,170000.0,11.03,Not Verified,E,4251,8,1,MORTGAGE,12.0435537160324,0,0,0
w,debt_consolidation,18.06,542.74,65000.0,11.34,Source Verified,D,1928,1,0,MORTGAGE,11.082142548877801,1,0,1
w,debt_consolidation,28.72,1010.3,25000.0,65.58,Verified,F,23453,0,0,OWN,10.1266311038503,1,0,1
w,credit_card,16.02,351.67,82000.0,18.19,Verified,C,35507,2,0,MORTGAGE,11.3144745262464,1,0,0
w,debt_consolidation,10.42,195.61,105000.0,11.02,Source Verified,B,3497,1,0,MORTGAGE,11.5617156291397,1,1,0
w,credit_card,7.97,798.73,45000.0,34.89,Source Verified,A,42338,0,0,MORTGAGE,10.714417768752499,1,1,1
f,credit_card,13.59,570.85,14500.0,72.1,Verified,C,26585,0,0,MORTGAGE,9.58190392840867,1,0,1
w,credit_card,15.05,138.76,68000.0,12.85,Source Verified,C,17047,1,0,RENT,11.127262984158198,1,0,1
w,debt_consolidation,19.03,415.32,120000.0,7.57,Source Verified,D,4947,2,0,MORTGAGE,11.6952470217642,1,0,1
w,debt_consolidation,17.09,622.53,95760.11,19.29,Source Verified,D,40947,0,0,RENT,11.4696014889363,1,0,0
w,debt_consolidation,10.42,973.95,100000.0,17.53,Not Verified,B,13729,3,1,RENT,11.5129254649702,0,1,1
w,credit_card,12.62,676.78,62000.0,18.23,Source Verified,C,10373,7,0,RENT,11.0348896640272,1,0,1
f,debt_consolidation,12.62,335.12,75000.0,20.05,Source Verified,C,12974,0,1,RENT,11.2252433925184,1,0,1
f,debt_consolidation,9.93,547.99,72000.0,27.9,Not Verified,B,14130,7,0,RENT,11.1844213979982,0,1,1
w,debt_consolidation,7.21,145.58,44584.0,13.59,Not Verified,A,3764,1,0,MORTGAGE,10.7051303292494,0,1,0
w,debt_consolidation,7.21,247.79,100000.0,20.45,Not Verified,A,19556,1,0,RENT,11.5129254649702,0,1,1
w,debt_consolidation,9.93,212.13,175000.0,12.78,Not Verified,B,27936,4,0,MORTGAGE,12.072541252905701,0,1,0
w,debt_consolidation,13.59,688.08,31600.0,90.09,Verified,C,39108,1,0,RENT,10.360912399575,1,0,1
f,credit_card,20.0,743.28,48000.0,30.3,Verified,D,5592,5,0,RENT,10.778956289889999,1,0,1
w,debt_consolidation,7.35,620.75,90000.0,21.27,Not Verified,A,15762,0,0,MORTGAGE,11.4075649493124,0,1,1
f,debt_consolidation,9.44,480.08,50000.0,19.35,Not Verified,B,5457,1,1,RENT,10.819778284410301,0,1,1
f,debt_consolidation,13.59,305.81,87500.0,15.33,Not Verified,C,14489,2,0,RENT,11.3793940723457,0,0,1
w,debt_consolidation,14.08,155.69,60000.0,32.16,Verified,C,3104,2,0,MORTGAGE,11.002099841204199,1,0,0
w,major_purchase,9.93,424.26,194000.0,0.88,Verified,B,934,2,0,OWN,12.175613438045499,1,1,1
f,debt_consolidation,30.75,1177.68,190000.0,16.52,Verified,F,13316,3,0,RENT,12.154779351142599,1,0,0
w,debt_consolidation,9.93,464.18,42000.0,14.91,Not Verified,B,9309,1,0,OWN,10.6454248972655,0,1,0
w,credit_card,9.93,773.63,120000.0,20.08,Source Verified,B,27672,1,0,RENT,11.6952470217642,1,1,1
w,debt_consolidation,11.99,332.1,35000.0,25.03,Source Verified,B,7366,0,0,RENT,10.4631033404715,1,1,1
w,home_improvement,12.62,884.7,186000.0,19.01,Not Verified,C,54349,5,0,OWN,12.133501952695301,0,0,1
w,debt_consolidation,9.44,256.04,38000.0,24.68,Verified,B,7087,3,1,MORTGAGE,10.5453414387085,1,1,1
w,home_improvement,7.97,156.62,55000.0,11.85,Not Verified,A,7357,1,0,MORTGAGE,10.9150884642146,0,1,0
w,debt_consolidation,6.72,550.75,65000.0,28.38,Verified,A,58078,2,1,MORTGAGE,11.082142548877801,1,1,1
w,debt_consolidation,16.02,291.95,93500.0,17.44,Verified,C,7811,1,0,RENT,11.445716715276802,1,0,1
w,debt_consolidation,21.45,273.08,36500.0,42.95,Verified,D,11052,5,0,MORTGAGE,10.5050675395706,1,0,0
w,credit_card,6.08,487.34,66400.0,20.78,Verified,A,2678,3,0,RENT,11.1034523354645,1,1,0
w,debt_consolidation,7.35,148.98,60000.0,28.14,Source Verified,A,12433,4,0,MORTGAGE,11.002099841204199,1,1,1
w,home_improvement,7.97,78.31,80000.0,19.88,Not Verified,A,14026,1,0,MORTGAGE,11.289781913656,0,1,0
w,debt_consolidation,14.08,85.55,37000.0,3.96,Source Verified,C,1002,2,0,RENT,10.518673191626402,1,0,0
w,home_improvement,12.62,902.37,57000.0,4.48,Verified,C,6471,3,1,MORTGAGE,10.950806546816699,1,0,0
w,small_business,12.62,335.12,80000.0,7.41,Not Verified,C,9643,4,0,RENT,11.289781913656,0,0,1
f,debt_consolidation,20.0,148.66,84750.0,17.29,Source Verified,D,1344,4,1,OWN,11.347461025242698,1,0,0
w,credit_card,12.62,338.39,60000.0,26.46,Not Verified,C,11919,1,1,RENT,11.002099841204199,0,0,1
w,debt_consolidation,12.62,204.42,72000.0,14.62,Not Verified,C,5519,3,0,MORTGAGE,11.1844213979982,0,0,0
f,debt_consolidation,7.35,372.45,100000.0,16.57,Not Verified,A,15188,2,0,MORTGAGE,11.5129254649702,0,1,0
